customer_id,name,email,phone
gwilcot59565,Gerri Wilcot,gerri.wilcot@aol.com,5619402416
mwillford10697,Marion Willford,marion.willford@hotmail.fr,3142355786
xcauston31600,Ximenez Causton,ximenez.causton@hotmail.com,9155682202
vjenkyn16984,Violetta Jenkyn,violetta.jenkyn@aol.com,5058453590
hkinnach9563,Hetti Kinnach,hetti.kinnach@yandex.ru,7345415148
mminors7639,Martina Minors,martina.minors@yahoo.in,7273729366
bbriscam30669,Basil Briscam,basil.briscam@yahoo.com,7038479104
mrobinson46891,Michale Robinson,michale.robinson@earthlink.net,9859582856
sritmeyer27352,Shellysheldon Ritmeyer,shellysheldon.ritmeyer@hotmail.com,6145118488
ao'dowd42883,Abbe O'Dowd,abbe.o'dowd@yahoo.com,3025170701
fambrosini35771,Flori Ambrosini,flori.ambrosini@hotmail.com,3103889187
fmanjin31370,Frayda Manjin,frayda.manjin@hotmail.com,7045286441
nbreydin9693,Neely Breydin,neely.breydin@aliceadsl.fr,9416815706
dmattersey58120,Dilly Mattersey,dilly.mattersey@hotmail.com,9010302035
lfowkes58535,Lanette Fowkes,lanette.fowkes@hotmail.com,8016332618
usemmence30469,Ursa Semmence,ursa.semmence@hotmail.com,7702853374
esporrij37298,Erhard Sporrij,erhard.sporrij@gmail.com,2025139535
iwent63202,Irv Went,irv.went@gmail.com,9104419469
nbartalini21250,Noel Bartalini,noel.bartalini@yahoo.com,9183881931
tsmorfit51548,Tades Smorfit,tades.smorfit@yahoo.com,5187520063
jtirrey22943,Jeromy Tirrey,jeromy.tirrey@neuf.fr,9167375818
hschirak15647,Hyacinth Schirak,hyacinth.schirak@yahoo.com,3191655488
cdeer10757,Chrisy Deer,chrisy.deer@ymail.com,9151408796
mnys5525,Marna Nys,marna.nys@voila.fr,2149377626
bmarshman17132,Burt Marshman,burt.marshman@live.fr,6619223055
asoper3041,Alden Soper,alden.soper@gmail.com,6121934584
lmcgraith33116,Lulu McGraith,lulu.mcgraith@yahoo.com,3148438246
lfoye12797,Lisbeth Foye,lisbeth.foye@yahoo.com.br,2023670596
sblakeston41617,Sophey Blakeston,sophey.blakeston@yahoo.com,8598188035
mridge40007,Mindy Ridge,mindy.ridge@hotmail.com,5716945689
uparsisson38859,Udall Parsisson,udall.parsisson@yandex.ru,6151526606
wgarment50458,Winny Garment,winny.garment@gmx.de,2155167672
ggelsthorpe17051,Gilberte Gelsthorpe,gilberte.gelsthorpe@web.de,9038705591
sarnald40787,Sunshine Arnald,sunshine.arnald@uol.com.br,9156688704
shaydney26152,Sande Haydney,sande.haydney@verizon.net,2097560558
ldevin50891,Letti Devin,letti.devin@gmail.com,3124451996
cgalvan46903,Cathlene Galvan,cathlene.galvan@free.fr,2286827416
ale blond42950,Anthe Le Blond,anthe.le blond@gmail.com,4075304377
cobal25840,Clarice Obal,clarice.obal@att.net,4257820720
ebrennand58868,Emmi Brennand,emmi.brennand@aol.com,9416856974
hczapla40156,Honoria Czapla,honoria.czapla@yahoo.com,4072933559
ashillito25297,Allina Shillito,allina.shillito@gmail.com,7130222192
dpoytres1652,Danell Poytres,danell.poytres@yandex.ru,9158648372
mbenthall43638,Mildred Benthall,mildred.benthall@yahoo.com,6128877516
ldent53909,Levi Dent,levi.dent@hotmail.com,3182485846
pkeddle7471,Philippine Keddle,philippine.keddle@gmail.com,7739624681
bduke43184,Bartholomeo Duke,bartholomeo.duke@hotmail.com,7143233844
rboken56967,Reg Boken,reg.boken@yahoo.com,3204690146
amccaster32232,Ambrose McCaster,ambrose.mccaster@yahoo.es,2396011878
cmatijasevic10905,Collete Matijasevic,collete.matijasevic@bellsouth.net,4143872348
fkain31332,Fey Kain,fey.kain@hotmail.fr,4251925709
mmacauley50148,Mauricio Macauley,mauricio.macauley@hotmail.com,8584142923
vcottom57841,Viviana Cottom,viviana.cottom@hotmail.co.uk,8017069138
rvassbender57545,Rees Vassbender,rees.vassbender@cox.net,2176005500
jkyne58946,Jakob Kyne,jakob.kyne@hotmail.com,2021430449
ggarbutt59395,Grenville Garbutt,grenville.garbutt@hotmail.com,6163296349
bneicho20128,Becka Neicho,becka.neicho@hotmail.com,3155121298
mbenallack151,Maurene Benallack,maurene.benallack@yahoo.com,5166700191
ckierans37648,Chantal Kierans,chantal.kierans@yahoo.com,5735449494
jbackson34428,Julianna Backson,julianna.backson@hotmail.com,6302022931
